Fitter report for maxv_top
Wed Mar 25 09:21:09 2026
Quartus Prime Version 18.1.0 Build 625 09/12/2018 SJ Standard Edition


---------------------
; Table of Contents ;
---------------------
  1. Legal Notice
  2. Fitter Summary
  3. Fitter Settings
  4. Parallel Compilation
  5. Ignored Assignments
  6. Pin-Out File
  7. Fitter Resource Usage Summary
  8. Input Pins
  9. Output Pins
 10. I/O Bank Usage
 11. All Package Pins
 12. Output Pin Default Load For Reported TCO
 13. I/O Assignment Warnings
 14. Fitter Resource Utilization by Entity
 15. Delay Chain Summary
 16. Routing Usage Summary
 17. LAB Logic Elements
 18. LAB Signals Sourced
 19. LAB Signals Sourced Out
 20. LAB Distinct Inputs
 21. Fitter Device Options
 22. Fitter Messages
 23. Fitter Suppressed Messages



----------------
; Legal Notice ;
----------------
Copyright (C) 2018  Intel Corporation. All rights reserved.
Your use of Intel Corporation's design tools, logic functions 
and other software and tools, and its AMPP partner logic 
functions, and any output files from any of the foregoing 
(including device programming or simulation files), and any 
associated documentation or information are expressly subject 
to the terms and conditions of the Intel Program License 
Subscription Agreement, the Intel Quartus Prime License Agreement,
the Intel FPGA IP License Agreement, or other applicable license
agreement, including, without limitation, that your use is for
the sole purpose of programming logic devices manufactured by
Intel and sold by Intel or its authorized distributors.  Please
refer to the applicable agreement for further details.



+-------------------------------------------------------------------------+
; Fitter Summary                                                          ;
+-----------------------+-------------------------------------------------+
; Fitter Status         ; Successful - Wed Mar 25 09:21:09 2026           ;
; Quartus Prime Version ; 18.1.0 Build 625 09/12/2018 SJ Standard Edition ;
; Revision Name         ; maxv_top                                        ;
; Top-level Entity Name ; alu_nbits_top                                   ;
; Family                ; MAX V                                           ;
; Device                ; 5M570ZF256C5                                    ;
; Timing Models         ; Final                                           ;
; Total logic elements  ; 28 / 570 ( 5 % )                                ;
; Total pins            ; 18 / 159 ( 11 % )                               ;
; Total virtual pins    ; 0                                               ;
; UFM blocks            ; 0 / 1 ( 0 % )                                   ;
+-----------------------+-------------------------------------------------+


+--------------------------------------------------------------------------------------------------------------------------------------+
; Fitter Settings                                                                                                                      ;
+--------------------------------------------------------------------+--------------------------------+--------------------------------+
; Option                                                             ; Setting                        ; Default Value                  ;
+--------------------------------------------------------------------+--------------------------------+--------------------------------+
; Device                                                             ; 5M570ZF256C5                   ;                                ;
; Minimum Core Junction Temperature                                  ; 0                              ;                                ;
; Maximum Core Junction Temperature                                  ; 85                             ;                                ;
; Fit Attempts to Skip                                               ; 0                              ; 0.0                            ;
; Use smart compilation                                              ; Off                            ; Off                            ;
; Enable parallel Assembler and Timing Analyzer during compilation   ; On                             ; On                             ;
; Enable compact report table                                        ; Off                            ; Off                            ;
; Router Timing Optimization Level                                   ; Normal                         ; Normal                         ;
; Placement Effort Multiplier                                        ; 1.0                            ; 1.0                            ;
; Router Effort Multiplier                                           ; 1.0                            ; 1.0                            ;
; Always Enable Input Buffers                                        ; Off                            ; Off                            ;
; Optimize Hold Timing                                               ; IO Paths and Minimum TPD Paths ; IO Paths and Minimum TPD Paths ;
; Optimize Multi-Corner Timing                                       ; Off                            ; Off                            ;
; Guarantee I/O Paths Have Zero Hold Time at Fast Corner             ; On                             ; On                             ;
; Power Optimization During Fitting                                  ; Normal compilation             ; Normal compilation             ;
; Optimize Timing                                                    ; Normal compilation             ; Normal compilation             ;
; Optimize Timing for ECOs                                           ; Off                            ; Off                            ;
; Regenerate Full Fit Report During ECO Compiles                     ; Off                            ; Off                            ;
; Optimize IOC Register Placement for Timing                         ; Normal                         ; Normal                         ;
; Limit to One Fitting Attempt                                       ; Off                            ; Off                            ;
; Final Placement Optimizations                                      ; Automatically                  ; Automatically                  ;
; Fitter Aggressive Routability Optimizations                        ; Automatically                  ; Automatically                  ;
; Fitter Initial Placement Seed                                      ; 1                              ; 1                              ;
; Periphery to Core Placement and Routing Optimization               ; Off                            ; Off                            ;
; Slow Slew Rate                                                     ; Off                            ; Off                            ;
; PCI I/O                                                            ; Off                            ; Off                            ;
; Weak Pull-Up Resistor                                              ; Off                            ; Off                            ;
; Enable Bus-Hold Circuitry                                          ; Off                            ; Off                            ;
; Auto Delay Chains                                                  ; On                             ; On                             ;
; Auto Delay Chains for High Fanout Input Pins                       ; Off                            ; Off                            ;
; Perform Physical Synthesis for Combinational Logic for Performance ; Off                            ; Off                            ;
; Perform Register Duplication for Performance                       ; Off                            ; Off                            ;
; Perform Register Retiming for Performance                          ; Off                            ; Off                            ;
; Perform Asynchronous Signal Pipelining                             ; Off                            ; Off                            ;
; Fitter Effort                                                      ; Auto Fit                       ; Auto Fit                       ;
; Physical Synthesis Effort Level                                    ; Normal                         ; Normal                         ;
; Logic Cell Insertion - Logic Duplication                           ; Auto                           ; Auto                           ;
; Auto Register Duplication                                          ; Auto                           ; Auto                           ;
; Auto Global Clock                                                  ; On                             ; On                             ;
; Auto Global Register Control Signals                               ; On                             ; On                             ;
; Force Fitter to Avoid Periphery Placement Warnings                 ; Off                            ; Off                            ;
+--------------------------------------------------------------------+--------------------------------+--------------------------------+


+------------------------------------------+
; Parallel Compilation                     ;
+----------------------------+-------------+
; Processors                 ; Number      ;
+----------------------------+-------------+
; Number detected on machine ; 2           ;
; Maximum allowed            ; 2           ;
;                            ;             ;
; Average used               ; 1.00        ;
; Maximum used               ; 1           ;
;                            ;             ;
; Usage by Processor         ; % Time Used ;
;     Processor 1            ; 100.0%      ;
+----------------------------+-------------+


+----------------------------------------------------------------------------------------------+
; Ignored Assignments                                                                          ;
+----------+----------------+--------------+------------------+---------------+----------------+
; Name     ; Ignored Entity ; Ignored From ; Ignored To       ; Ignored Value ; Ignored Source ;
+----------+----------------+--------------+------------------+---------------+----------------+
; Location ;                ;              ; Clk_Gen_i        ; PIN_J5        ; QSF Assignment ;
; Location ;                ;              ; Clk_Main_i       ; PIN_H5        ; QSF Assignment ;
; Location ;                ;              ; Con_25p_io[10]   ; PIN_P8        ; QSF Assignment ;
; Location ;                ;              ; Con_25p_io[11]   ; PIN_T7        ; QSF Assignment ;
; Location ;                ;              ; Con_25p_io[12]   ; PIN_P7        ; QSF Assignment ;
; Location ;                ;              ; Con_25p_io[13]   ; PIN_R6        ; QSF Assignment ;
; Location ;                ;              ; Con_25p_io[14]   ; PIN_P13       ; QSF Assignment ;
; Location ;                ;              ; Con_25p_io[15]   ; PIN_R12       ; QSF Assignment ;
; Location ;                ;              ; Con_25p_io[16]   ; PIN_N12       ; QSF Assignment ;
; Location ;                ;              ; Con_25p_io[17]   ; PIN_R11       ; QSF Assignment ;
; Location ;                ;              ; Con_25p_io[18]   ; PIN_T10       ; QSF Assignment ;
; Location ;                ;              ; Con_25p_io[19]   ; PIN_P10       ; QSF Assignment ;
; Location ;                ;              ; Con_25p_io[1]    ; PIN_R13       ; QSF Assignment ;
; Location ;                ;              ; Con_25p_io[20]   ; PIN_R9        ; QSF Assignment ;
; Location ;                ;              ; Con_25p_io[21]   ; PIN_J2        ; QSF Assignment ;
; Location ;                ;              ; Con_25p_io[22]   ; PIN_R8        ; QSF Assignment ;
; Location ;                ;              ; Con_25p_io[23]   ; PIN_B1        ; QSF Assignment ;
; Location ;                ;              ; Con_25p_io[24]   ; PIN_R7        ; QSF Assignment ;
; Location ;                ;              ; Con_25p_io[25]   ; PIN_T6        ; QSF Assignment ;
; Location ;                ;              ; Con_25p_io[2]    ; PIN_T12       ; QSF Assignment ;
; Location ;                ;              ; Con_25p_io[3]    ; PIN_P12       ; QSF Assignment ;
; Location ;                ;              ; Con_25p_io[4]    ; PIN_T11       ; QSF Assignment ;
; Location ;                ;              ; Con_25p_io[5]    ; PIN_P11       ; QSF Assignment ;
; Location ;                ;              ; Con_25p_io[6]    ; PIN_R10       ; QSF Assignment ;
; Location ;                ;              ; Con_25p_io[7]    ; PIN_T9        ; QSF Assignment ;
; Location ;                ;              ; Con_25p_io[8]    ; PIN_P9        ; QSF Assignment ;
; Location ;                ;              ; Con_25p_io[9]    ; PIN_T8        ; QSF Assignment ;
; Location ;                ;              ; Con_80p_io[10]   ; PIN_A9        ; QSF Assignment ;
; Location ;                ;              ; Con_80p_io[11]   ; PIN_B9        ; QSF Assignment ;
; Location ;                ;              ; Con_80p_io[12]   ; PIN_B10       ; QSF Assignment ;
; Location ;                ;              ; Con_80p_io[13]   ; PIN_C10       ; QSF Assignment ;
; Location ;                ;              ; Con_80p_io[14]   ; PIN_C11       ; QSF Assignment ;
; Location ;                ;              ; Con_80p_io[15]   ; PIN_D11       ; QSF Assignment ;
; Location ;                ;              ; Con_80p_io[16]   ; PIN_C12       ; QSF Assignment ;
; Location ;                ;              ; Con_80p_io[17]   ; PIN_D12       ; QSF Assignment ;
; Location ;                ;              ; Con_80p_io[18]   ; PIN_C13       ; QSF Assignment ;
; Location ;                ;              ; Con_80p_io[19]   ; PIN_B14       ; QSF Assignment ;
; Location ;                ;              ; Con_80p_io[20]   ; PIN_C15       ; QSF Assignment ;
; Location ;                ;              ; Con_80p_io[21]   ; PIN_B16       ; QSF Assignment ;
; Location ;                ;              ; Con_80p_io[22]   ; PIN_D14       ; QSF Assignment ;
; Location ;                ;              ; Con_80p_io[23]   ; PIN_D13       ; QSF Assignment ;
; Location ;                ;              ; Con_80p_io[24]   ; PIN_E14       ; QSF Assignment ;
; Location ;                ;              ; Con_80p_io[25]   ; PIN_E13       ; QSF Assignment ;
; Location ;                ;              ; Con_80p_io[26]   ; PIN_F14       ; QSF Assignment ;
; Location ;                ;              ; Con_80p_io[27]   ; PIN_F13       ; QSF Assignment ;
; Location ;                ;              ; Con_80p_io[28]   ; PIN_G14       ; QSF Assignment ;
; Location ;                ;              ; Con_80p_io[29]   ; PIN_H16       ; QSF Assignment ;
; Location ;                ;              ; Con_80p_io[2]    ; PIN_A4        ; QSF Assignment ;
; Location ;                ;              ; Con_80p_io[30]   ; PIN_H12       ; QSF Assignment ;
; Location ;                ;              ; Con_80p_io[31]   ; PIN_J16       ; QSF Assignment ;
; Location ;                ;              ; Con_80p_io[32]   ; PIN_J12       ; QSF Assignment ;
; Location ;                ;              ; Con_80p_io[33]   ; PIN_K16       ; QSF Assignment ;
; Location ;                ;              ; Con_80p_io[34]   ; PIN_L16       ; QSF Assignment ;
; Location ;                ;              ; Con_80p_io[35]   ; PIN_L15       ; QSF Assignment ;
; Location ;                ;              ; Con_80p_io[36]   ; PIN_M16       ; QSF Assignment ;
; Location ;                ;              ; Con_80p_io[37]   ; PIN_M15       ; QSF Assignment ;
; Location ;                ;              ; Con_80p_io[38]   ; PIN_N16       ; QSF Assignment ;
; Location ;                ;              ; Con_80p_io[39]   ; PIN_N15       ; QSF Assignment ;
; Location ;                ;              ; Con_80p_io[3]    ; PIN_B4        ; QSF Assignment ;
; Location ;                ;              ; Con_80p_io[40]   ; PIN_N13       ; QSF Assignment ;
; Location ;                ;              ; Con_80p_io[41]   ; PIN_A2        ; QSF Assignment ;
; Location ;                ;              ; Con_80p_io[42]   ; PIN_B3        ; QSF Assignment ;
; Location ;                ;              ; Con_80p_io[43]   ; PIN_C4        ; QSF Assignment ;
; Location ;                ;              ; Con_80p_io[44]   ; PIN_D4        ; QSF Assignment ;
; Location ;                ;              ; Con_80p_io[45]   ; PIN_C5        ; QSF Assignment ;
; Location ;                ;              ; Con_80p_io[46]   ; PIN_D5        ; QSF Assignment ;
; Location ;                ;              ; Con_80p_io[47]   ; PIN_C6        ; QSF Assignment ;
; Location ;                ;              ; Con_80p_io[48]   ; PIN_A7        ; QSF Assignment ;
; Location ;                ;              ; Con_80p_io[49]   ; PIN_B8        ; QSF Assignment ;
; Location ;                ;              ; Con_80p_io[4]    ; PIN_A5        ; QSF Assignment ;
; Location ;                ;              ; Con_80p_io[50]   ; PIN_C8        ; QSF Assignment ;
; Location ;                ;              ; Con_80p_io[51]   ; PIN_C9        ; QSF Assignment ;
; Location ;                ;              ; Con_80p_io[52]   ; PIN_A10       ; QSF Assignment ;
; Location ;                ;              ; Con_80p_io[53]   ; PIN_A11       ; QSF Assignment ;
; Location ;                ;              ; Con_80p_io[54]   ; PIN_B11       ; QSF Assignment ;
; Location ;                ;              ; Con_80p_io[55]   ; PIN_A12       ; QSF Assignment ;
; Location ;                ;              ; Con_80p_io[56]   ; PIN_B12       ; QSF Assignment ;
; Location ;                ;              ; Con_80p_io[57]   ; PIN_A13       ; QSF Assignment ;
; Location ;                ;              ; Con_80p_io[58]   ; PIN_B13       ; QSF Assignment ;
; Location ;                ;              ; Con_80p_io[59]   ; PIN_C14       ; QSF Assignment ;
; Location ;                ;              ; Con_80p_io[5]    ; PIN_B5        ; QSF Assignment ;
; Location ;                ;              ; Con_80p_io[60]   ; PIN_A15       ; QSF Assignment ;
; Location ;                ;              ; Con_80p_io[61]   ; PIN_D16       ; QSF Assignment ;
; Location ;                ;              ; Con_80p_io[62]   ; PIN_D15       ; QSF Assignment ;
; Location ;                ;              ; Con_80p_io[63]   ; PIN_E16       ; QSF Assignment ;
; Location ;                ;              ; Con_80p_io[64]   ; PIN_E15       ; QSF Assignment ;
; Location ;                ;              ; Con_80p_io[65]   ; PIN_F16       ; QSF Assignment ;
; Location ;                ;              ; Con_80p_io[66]   ; PIN_F15       ; QSF Assignment ;
; Location ;                ;              ; Con_80p_io[67]   ; PIN_G16       ; QSF Assignment ;
; Location ;                ;              ; Con_80p_io[68]   ; PIN_G15       ; QSF Assignment ;
; Location ;                ;              ; Con_80p_io[69]   ; PIN_H15       ; QSF Assignment ;
; Location ;                ;              ; Con_80p_io[6]    ; PIN_A6        ; QSF Assignment ;
; Location ;                ;              ; Con_80p_io[70]   ; PIN_H14       ; QSF Assignment ;
; Location ;                ;              ; Con_80p_io[71]   ; PIN_J15       ; QSF Assignment ;
; Location ;                ;              ; Con_80p_io[72]   ; PIN_J14       ; QSF Assignment ;
; Location ;                ;              ; Con_80p_io[73]   ; PIN_K15       ; QSF Assignment ;
; Location ;                ;              ; Con_80p_io[74]   ; PIN_K14       ; QSF Assignment ;
; Location ;                ;              ; Con_80p_io[75]   ; PIN_L14       ; QSF Assignment ;
; Location ;                ;              ; Con_80p_io[76]   ; PIN_L13       ; QSF Assignment ;
; Location ;                ;              ; Con_80p_io[77]   ; PIN_M14       ; QSF Assignment ;
; Location ;                ;              ; Con_80p_io[78]   ; PIN_M13       ; QSF Assignment ;
; Location ;                ;              ; Con_80p_io[79]   ; PIN_N14       ; QSF Assignment ;
; Location ;                ;              ; Con_80p_io[7]    ; PIN_B6        ; QSF Assignment ;
; Location ;                ;              ; Con_80p_io[8]    ; PIN_C7        ; QSF Assignment ;
; Location ;                ;              ; Con_80p_io[9]    ; PIN_A8        ; QSF Assignment ;
; Location ;                ;              ; Encoder_A_i      ; PIN_L4        ; QSF Assignment ;
; Location ;                ;              ; Encoder_B_i      ; PIN_M1        ; QSF Assignment ;
; Location ;                ;              ; Led_RGB_o[0]     ; PIN_C2        ; QSF Assignment ;
; Location ;                ;              ; Led_RGB_o[1]     ; PIN_C3        ; QSF Assignment ;
; Location ;                ;              ; Led_RGB_o[2]     ; PIN_D1        ; QSF Assignment ;
; Location ;                ;              ; Mezzanine_io[10] ; PIN_R14       ; QSF Assignment ;
; Location ;                ;              ; Mezzanine_io[11] ; PIN_P6        ; QSF Assignment ;
; Location ;                ;              ; Mezzanine_io[12] ; PIN_T2        ; QSF Assignment ;
; Location ;                ;              ; Mezzanine_io[13] ; PIN_T5        ; QSF Assignment ;
; Location ;                ;              ; Mezzanine_io[14] ; PIN_R3        ; QSF Assignment ;
; Location ;                ;              ; Mezzanine_io[15] ; PIN_R5        ; QSF Assignment ;
; Location ;                ;              ; Mezzanine_io[16] ; PIN_P4        ; QSF Assignment ;
; Location ;                ;              ; Mezzanine_io[17] ; PIN_P5        ; QSF Assignment ;
; Location ;                ;              ; Mezzanine_io[18] ; PIN_R4        ; QSF Assignment ;
; Location ;                ;              ; Mezzanine_io[19] ; PIN_N5        ; QSF Assignment ;
; Location ;                ;              ; Mezzanine_io[20] ; PIN_T4        ; QSF Assignment ;
; Location ;                ;              ; Mezzanine_io[5]  ; PIN_P15       ; QSF Assignment ;
; Location ;                ;              ; Mezzanine_io[6]  ; PIN_T13       ; QSF Assignment ;
; Location ;                ;              ; Mezzanine_io[7]  ; PIN_R16       ; QSF Assignment ;
; Location ;                ;              ; Mezzanine_io[8]  ; PIN_P14       ; QSF Assignment ;
; Location ;                ;              ; Mezzanine_io[9]  ; PIN_T15       ; QSF Assignment ;
; Location ;                ;              ; Switch_i[0]      ; PIN_L3        ; QSF Assignment ;
; Location ;                ;              ; Switch_i[1]      ; PIN_L2        ; QSF Assignment ;
; Location ;                ;              ; Switch_i[2]      ; PIN_L1        ; QSF Assignment ;
; Location ;                ;              ; Switch_i[3]      ; PIN_K3        ; QSF Assignment ;
; Location ;                ;              ; Switch_i[4]      ; PIN_K2        ; QSF Assignment ;
; Location ;                ;              ; Switch_i[5]      ; PIN_K1        ; QSF Assignment ;
; Location ;                ;              ; Switch_i[6]      ; PIN_J3        ; QSF Assignment ;
; Location ;                ;              ; Switch_i[7]      ; PIN_M8        ; QSF Assignment ;
; Location ;                ;              ; nButton_i[1]     ; PIN_D2        ; QSF Assignment ;
; Location ;                ;              ; nButton_i[2]     ; PIN_D3        ; QSF Assignment ;
; Location ;                ;              ; nButton_i[3]     ; PIN_E1        ; QSF Assignment ;
; Location ;                ;              ; nButton_i[4]     ; PIN_E2        ; QSF Assignment ;
; Location ;                ;              ; nButton_i[5]     ; PIN_E3        ; QSF Assignment ;
; Location ;                ;              ; nButton_i[6]     ; PIN_E4        ; QSF Assignment ;
; Location ;                ;              ; nButton_i[7]     ; PIN_F1        ; QSF Assignment ;
; Location ;                ;              ; nButton_i[8]     ; PIN_F2        ; QSF Assignment ;
; Location ;                ;              ; nLed_o[0]        ; PIN_J1        ; QSF Assignment ;
; Location ;                ;              ; nLed_o[1]        ; PIN_H3        ; QSF Assignment ;
; Location ;                ;              ; nLed_o[2]        ; PIN_H2        ; QSF Assignment ;
; Location ;                ;              ; nLed_o[3]        ; PIN_H1        ; QSF Assignment ;
; Location ;                ;              ; nLed_o[4]        ; PIN_G3        ; QSF Assignment ;
; Location ;                ;              ; nLed_o[5]        ; PIN_G2        ; QSF Assignment ;
; Location ;                ;              ; nLed_o[6]        ; PIN_G1        ; QSF Assignment ;
; Location ;                ;              ; nLed_o[7]        ; PIN_F3        ; QSF Assignment ;
; Location ;                ;              ; nReset_i         ; PIN_M9        ; QSF Assignment ;
; Location ;                ;              ; nSeven_Seg_o[0]  ; PIN_M3        ; QSF Assignment ;
; Location ;                ;              ; nSeven_Seg_o[1]  ; PIN_M2        ; QSF Assignment ;
; Location ;                ;              ; nSeven_Seg_o[2]  ; PIN_P2        ; QSF Assignment ;
; Location ;                ;              ; nSeven_Seg_o[3]  ; PIN_N3        ; QSF Assignment ;
; Location ;                ;              ; nSeven_Seg_o[4]  ; PIN_N2        ; QSF Assignment ;
; Location ;                ;              ; nSeven_Seg_o[5]  ; PIN_M4        ; QSF Assignment ;
; Location ;                ;              ; nSeven_Seg_o[6]  ; PIN_N1        ; QSF Assignment ;
; Location ;                ;              ; nSeven_Seg_o[7]  ; PIN_R1        ; QSF Assignment ;
+----------+----------------+--------------+------------------+---------------+----------------+


+--------------+
; Pin-Out File ;
+--------------+
The pin-out file can be found in /home/reds/Desktop/CSN/labo3/CSN_labo_alu/alu_nbits/pr/output_files/maxv_top.pin.


+------------------------------------------------------------------+
; Fitter Resource Usage Summary                                    ;
+---------------------------------------------+--------------------+
; Resource                                    ; Usage              ;
+---------------------------------------------+--------------------+
; Total logic elements                        ; 28 / 570 ( 5 % )   ;
;     -- Combinational with no register       ; 28                 ;
;     -- Register only                        ; 0                  ;
;     -- Combinational with a register        ; 0                  ;
;                                             ;                    ;
; Logic element usage by number of LUT inputs ;                    ;
;     -- 4 input functions                    ; 14                 ;
;     -- 3 input functions                    ; 11                 ;
;     -- 2 input functions                    ; 2                  ;
;     -- 1 input functions                    ; 1                  ;
;     -- 0 input functions                    ; 0                  ;
;                                             ;                    ;
; Logic elements by mode                      ;                    ;
;     -- normal mode                          ; 24                 ;
;     -- arithmetic mode                      ; 4                  ;
;     -- qfbk mode                            ; 0                  ;
;     -- register cascade mode                ; 0                  ;
;     -- synchronous clear/load mode          ; 0                  ;
;     -- asynchronous clear/load mode         ; 0                  ;
;                                             ;                    ;
; Total registers                             ; 0 / 570 ( 0 % )    ;
; Total LABs                                  ; 3 / 57 ( 5 % )     ;
; Logic elements in carry chains              ; 5                  ;
; Virtual pins                                ; 0                  ;
; I/O pins                                    ; 18 / 159 ( 11 % )  ;
;     -- Clock pins                           ; 0 / 4 ( 0 % )      ;
;                                             ;                    ;
; UFM blocks                                  ; 0 / 1 ( 0 % )      ;
;                                             ;                    ;
;     -- Total Fixed Point DSP Blocks         ; 0                  ;
;     -- Total Floating Point DSP Blocks      ; 0                  ;
;                                             ;                    ;
; Global signals                              ; 0                  ;
;     -- Global clocks                        ; 0 / 4 ( 0 % )      ;
; JTAGs                                       ; 0 / 1 ( 0 % )      ;
; Average interconnect usage (total/H/V)      ; 1.3% / 0.9% / 1.6% ;
; Peak interconnect usage (total/H/V)         ; 1.3% / 0.9% / 1.6% ;
; Maximum fan-out                             ; 18                 ;
; Highest non-global fan-out                  ; 18                 ;
; Total fan-out                               ; 101                ;
; Average fan-out                             ; 2.20               ;
+---------------------------------------------+--------------------+


+-------------------------------------------------------------------------------------------------------------------------------------------------------------------------------------------------------------------------------------+
; Input Pins                                                                                                                                                                                                                          ;
+-------------+-------+----------+--------------+--------------+-------------+-----------------------+--------------------+--------+-----------------+----------+--------------+--------------+----------------------+----------------+
; Name        ; Pin # ; I/O Bank ; X coordinate ; Y coordinate ; Cell number ; Combinational Fan-Out ; Registered Fan-Out ; Global ; PCI I/O Enabled ; Bus Hold ; Weak Pull Up ; I/O Standard ; Location assigned by ; Slow Slew Rate ;
+-------------+-------+----------+--------------+--------------+-------------+-----------------------+--------------------+--------+-----------------+----------+--------------+--------------+----------------------+----------------+
; na_i[0]     ; B13   ; 2        ; 11           ; 8            ; 0           ; 2                     ; 0                  ; no     ; no              ; no       ; Off          ; 3.3-V LVTTL  ; Fitter               ; no             ;
; na_i[1]     ; L13   ; 2        ; 13           ; 3            ; 5           ; 2                     ; 0                  ; no     ; no              ; no       ; Off          ; 3.3-V LVTTL  ; Fitter               ; no             ;
; na_i[2]     ; F14   ; 2        ; 13           ; 5            ; 3           ; 2                     ; 0                  ; no     ; no              ; no       ; Off          ; 3.3-V LVTTL  ; Fitter               ; no             ;
; na_i[3]     ; E13   ; 2        ; 13           ; 6            ; 3           ; 2                     ; 0                  ; no     ; no              ; no       ; Off          ; 3.3-V LVTTL  ; Fitter               ; no             ;
; nb_i[0]     ; H15   ; 2        ; 13           ; 5            ; 4           ; 2                     ; 0                  ; no     ; no              ; no       ; Off          ; 3.3-V LVTTL  ; Fitter               ; no             ;
; nb_i[1]     ; K14   ; 2        ; 13           ; 3            ; 1           ; 2                     ; 0                  ; no     ; no              ; no       ; Off          ; 3.3-V LVTTL  ; Fitter               ; no             ;
; nb_i[2]     ; G16   ; 2        ; 13           ; 5            ; 2           ; 2                     ; 0                  ; no     ; no              ; no       ; Off          ; 3.3-V LVTTL  ; Fitter               ; no             ;
; nb_i[3]     ; D12   ; 2        ; 10           ; 8            ; 0           ; 2                     ; 0                  ; no     ; no              ; no       ; Off          ; 3.3-V LVTTL  ; Fitter               ; no             ;
; opcode_i[0] ; F15   ; 2        ; 13           ; 6            ; 2           ; 15                    ; 0                  ; no     ; no              ; no       ; Off          ; 3.3-V LVTTL  ; Fitter               ; no             ;
; opcode_i[1] ; E16   ; 2        ; 13           ; 6            ; 0           ; 18                    ; 0                  ; no     ; no              ; no       ; Off          ; 3.3-V LVTTL  ; Fitter               ; no             ;
; opcode_i[2] ; E14   ; 2        ; 13           ; 6            ; 5           ; 11                    ; 0                  ; no     ; no              ; no       ; Off          ; 3.3-V LVTTL  ; Fitter               ; no             ;
+-------------+-------+----------+--------------+--------------+-------------+-----------------------+--------------------+--------+-----------------+----------+--------------+--------------+----------------------+----------------+


+-------------------------------------------------------------------------------------------------------------------------------------------------------------------------------------------------------------------------------------------------------------------------------------------------------------------------------+
; Output Pins                                                                                                                                                                                                                                                                                                                   ;
+-------------+-------+----------+--------------+--------------+-------------+-----------------+----------------+-----------------+------------+---------------+----------+--------------+--------------+------------------+------------------------+----------------------+-------+----------------------+---------------------+
; Name        ; Pin # ; I/O Bank ; X coordinate ; Y coordinate ; Cell number ; Output Register ; Slow Slew Rate ; PCI I/O Enabled ; Open Drain ; TRI Primitive ; Bus Hold ; Weak Pull Up ; I/O Standard ; Current Strength ; Fast Output Connection ; Location assigned by ; Load  ; Output Enable Source ; Output Enable Group ;
+-------------+-------+----------+--------------+--------------+-------------+-----------------+----------------+-----------------+------------+---------------+----------+--------------+--------------+------------------+------------------------+----------------------+-------+----------------------+---------------------+
; dep_nsgn_o  ; C13   ; 2        ; 12           ; 8            ; 2           ; no              ; no             ; no              ; no         ; no            ; no       ; Off          ; 3.3-V LVTTL  ; 16mA             ; yes                    ; Fitter               ; 10 pF ; -                    ; -                   ;
; dep_sgn_o   ; E15   ; 2        ; 13           ; 7            ; 4           ; no              ; no             ; no              ; no         ; no            ; no       ; Off          ; 3.3-V LVTTL  ; 16mA             ; yes                    ; Fitter               ; 10 pF ; -                    ; -                   ;
; result_o[0] ; G15   ; 2        ; 13           ; 5            ; 0           ; no              ; no             ; no              ; no         ; no            ; no       ; Off          ; 3.3-V LVTTL  ; 16mA             ; no                     ; Fitter               ; 10 pF ; -                    ; -                   ;
; result_o[1] ; D14   ; 2        ; 13           ; 6            ; 1           ; no              ; no             ; no              ; no         ; no            ; no       ; Off          ; 3.3-V LVTTL  ; 16mA             ; no                     ; Fitter               ; 10 pF ; -                    ; -                   ;
; result_o[2] ; D16   ; 2        ; 13           ; 7            ; 2           ; no              ; no             ; no              ; no         ; no            ; no       ; Off          ; 3.3-V LVTTL  ; 16mA             ; yes                    ; Fitter               ; 10 pF ; -                    ; -                   ;
; result_o[3] ; A15   ; 2        ; 12           ; 8            ; 3           ; no              ; no             ; no              ; no         ; no            ; no       ; Off          ; 3.3-V LVTTL  ; 16mA             ; yes                    ; Fitter               ; 10 pF ; -                    ; -                   ;
; z_o         ; D13   ; 2        ; 13           ; 7            ; 5           ; no              ; no             ; no              ; no         ; no            ; no       ; Off          ; 3.3-V LVTTL  ; 16mA             ; yes                    ; Fitter               ; 10 pF ; -                    ; -                   ;
+-------------+-------+----------+--------------+--------------+-------------+-----------------+----------------+-----------------+------------+---------------+----------+--------------+--------------+------------------+------------------------+----------------------+-------+----------------------+---------------------+


+------------------------------------------------------------+
; I/O Bank Usage                                             ;
+----------+------------------+---------------+--------------+
; I/O Bank ; Usage            ; VCCIO Voltage ; VREF Voltage ;
+----------+------------------+---------------+--------------+
; 1        ; 0 / 78 ( 0 % )   ; 3.3V          ; --           ;
; 2        ; 18 / 81 ( 22 % ) ; 3.3V          ; --           ;
+----------+------------------+---------------+--------------+


+----------------------------------------------------------------------------------------------------------------------------------------------+
; All Package Pins                                                                                                                             ;
+----------+------------+----------+----------------+--------+--------------+---------+------------+-----------------+----------+--------------+
; Location ; Pad Number ; I/O Bank ; Pin Name/Usage ; Dir.   ; I/O Standard ; Voltage ; I/O Type   ; User Assignment ; Bus Hold ; Weak Pull Up ;
+----------+------------+----------+----------------+--------+--------------+---------+------------+-----------------+----------+--------------+
; A1       ;            ;          ; GND            ; gnd    ;              ;         ; --         ;                 ; --       ; --           ;
; A2       ; 161        ; 2        ; GND*           ;        ;              ;         ; Column I/O ;                 ; no       ; Off          ;
; A3       ;            ; 2        ; VCCIO2         ; power  ;              ; 3.3V    ; --         ;                 ; --       ; --           ;
; A4       ; 159        ; 2        ; GND*           ;        ;              ;         ; Column I/O ;                 ; no       ; Off          ;
; A5       ; 157        ; 2        ; GND*           ;        ;              ;         ; Column I/O ;                 ; no       ; Off          ;
; A6       ; 153        ; 2        ; GND*           ;        ;              ;         ; Column I/O ;                 ; no       ; Off          ;
; A7       ; 149        ; 2        ; GND*           ;        ;              ;         ; Column I/O ;                 ; no       ; Off          ;
; A8       ; 145        ; 2        ; GND*           ;        ;              ;         ; Column I/O ;                 ; no       ; Off          ;
; A9       ; 144        ; 2        ; GND*           ;        ;              ;         ; Column I/O ;                 ; no       ; Off          ;
; A10      ; 141        ; 2        ; GND*           ;        ;              ;         ; Column I/O ;                 ; no       ; Off          ;
; A11      ; 137        ; 2        ; GND*           ;        ;              ;         ; Column I/O ;                 ; no       ; Off          ;
; A12      ; 133        ; 2        ; GND*           ;        ;              ;         ; Column I/O ;                 ; no       ; Off          ;
; A13      ; 129        ; 2        ; GND*           ;        ;              ;         ; Column I/O ;                 ; no       ; Off          ;
; A14      ;            ; 2        ; VCCIO2         ; power  ;              ; 3.3V    ; --         ;                 ; --       ; --           ;
; A15      ; 127        ; 2        ; result_o[3]    ; output ; 3.3-V LVTTL  ;         ; Column I/O ; N               ; no       ; Off          ;
; A16      ;            ;          ; GND            ; gnd    ;              ;         ; --         ;                 ; --       ; --           ;
; B1       ; 163        ; 2        ; GND*           ;        ;              ;         ; Column I/O ;                 ; no       ; Off          ;
; B2       ;            ;          ; GND            ; gnd    ;              ;         ; --         ;                 ; --       ; --           ;
; B3       ; 162        ; 2        ; GND*           ;        ;              ;         ; Column I/O ;                 ; no       ; Off          ;
; B4       ; 156        ; 2        ; GND*           ;        ;              ;         ; Column I/O ;                 ; no       ; Off          ;
; B5       ; 150        ; 2        ; GND*           ;        ;              ;         ; Column I/O ;                 ; no       ; Off          ;
; B6       ; 155        ; 2        ; GND*           ;        ;              ;         ; Column I/O ;                 ; no       ; Off          ;
; B7       ;            ;          ; GND            ; gnd    ;              ;         ; --         ;                 ; --       ; --           ;
; B8       ; 147        ; 2        ; GND*           ;        ;              ;         ; Column I/O ;                 ; no       ; Off          ;
; B9       ; 143        ; 2        ; GND*           ;        ;              ;         ; Column I/O ;                 ; no       ; Off          ;
; B10      ; 139        ; 2        ; GND*           ;        ;              ;         ; Column I/O ;                 ; no       ; Off          ;
; B11      ; 135        ; 2        ; GND*           ;        ;              ;         ; Column I/O ;                 ; no       ; Off          ;
; B12      ; 131        ; 2        ; GND*           ;        ;              ;         ; Column I/O ;                 ; no       ; Off          ;
; B13      ; 128        ; 2        ; na_i[0]        ; input  ; 3.3-V LVTTL  ;         ; Column I/O ; N               ; no       ; Off          ;
; B14      ; 124        ; 2        ; GND*           ;        ;              ;         ; Column I/O ;                 ; no       ; Off          ;
; B15      ;            ;          ; GND            ; gnd    ;              ;         ; --         ;                 ; --       ; --           ;
; B16      ; 125        ; 2        ; GND*           ;        ;              ;         ; Column I/O ;                 ; no       ; Off          ;
; C1       ;            ; 1        ; VCCIO1         ; power  ;              ; 3.3V    ; --         ;                 ; --       ; --           ;
; C2       ; 1          ; 1        ; GND*           ;        ;              ;         ; Column I/O ;                 ; no       ; Off          ;
; C3       ; 0          ; 1        ; GND*           ;        ;              ;         ; Column I/O ;                 ; no       ; Off          ;
; C4       ; 158        ; 2        ; GND*           ;        ;              ;         ; Column I/O ;                 ; no       ; Off          ;
; C5       ; 152        ; 2        ; GND*           ;        ;              ;         ; Column I/O ;                 ; no       ; Off          ;
; C6       ; 148        ; 2        ; GND*           ;        ;              ;         ; Column I/O ;                 ; no       ; Off          ;
; C7       ; 146        ; 2        ; GND*           ;        ;              ;         ; Column I/O ;                 ; no       ; Off          ;
; C8       ; 142        ; 2        ; GND*           ;        ;              ;         ; Column I/O ;                 ; no       ; Off          ;
; C9       ; 140        ; 2        ; GND*           ;        ;              ;         ; Column I/O ;                 ; no       ; Off          ;
; C10      ; 138        ; 2        ; GND*           ;        ;              ;         ; Column I/O ;                 ; no       ; Off          ;
; C11      ; 134        ; 2        ; GND*           ;        ;              ;         ; Column I/O ;                 ; no       ; Off          ;
; C12      ; 130        ; 2        ; GND*           ;        ;              ;         ; Column I/O ;                 ; no       ; Off          ;
; C13      ; 126        ; 2        ; dep_nsgn_o     ; output ; 3.3-V LVTTL  ;         ; Column I/O ; N               ; no       ; Off          ;
; C14      ; 122        ; 2        ; GND*           ;        ;              ;         ; Row I/O    ;                 ; no       ; Off          ;
; C15      ; 120        ; 2        ; GND*           ;        ;              ;         ; Row I/O    ;                 ; no       ; Off          ;
; C16      ;            ; 2        ; VCCIO2         ; power  ;              ; 3.3V    ; --         ;                 ; --       ; --           ;
; D1       ; 3          ; 1        ; GND*           ;        ;              ;         ; Column I/O ;                 ; no       ; Off          ;
; D2       ; 4          ; 1        ; GND*           ;        ;              ;         ; Column I/O ;                 ; no       ; Off          ;
; D3       ; 2          ; 1        ; GND*           ;        ;              ;         ; Column I/O ;                 ; no       ; Off          ;
; D4       ; 160        ; 2        ; GND*           ;        ;              ;         ; Column I/O ;                 ; no       ; Off          ;
; D5       ; 154        ; 2        ; GND*           ;        ;              ;         ; Column I/O ;                 ; no       ; Off          ;
; D6       ;            ;          ; NC             ;        ;              ;         ; --         ;                 ; --       ; --           ;
; D7       ;            ;          ; NC             ;        ;              ;         ; --         ;                 ; --       ; --           ;
; D8       ;            ;          ; NC             ;        ;              ;         ; --         ;                 ; --       ; --           ;
; D9       ;            ;          ; NC             ;        ;              ;         ; --         ;                 ; --       ; --           ;
; D10      ;            ;          ; NC             ;        ;              ;         ; --         ;                 ; --       ; --           ;
; D11      ; 136        ; 2        ; GND*           ;        ;              ;         ; Column I/O ;                 ; no       ; Off          ;
; D12      ; 132        ; 2        ; nb_i[3]        ; input  ; 3.3-V LVTTL  ;         ; Column I/O ; N               ; no       ; Off          ;
; D13      ; 118        ; 2        ; z_o            ; output ; 3.3-V LVTTL  ;         ; Row I/O    ; N               ; no       ; Off          ;
; D14      ; 116        ; 2        ; result_o[1]    ; output ; 3.3-V LVTTL  ;         ; Row I/O    ; N               ; no       ; Off          ;
; D15      ; 123        ; 2        ; GND*           ;        ;              ;         ; Row I/O    ;                 ; no       ; Off          ;
; D16      ; 121        ; 2        ; result_o[2]    ; output ; 3.3-V LVTTL  ;         ; Row I/O    ; N               ; no       ; Off          ;
; E1       ; 5          ; 1        ; GND*           ;        ;              ;         ; Column I/O ;                 ; no       ; Off          ;
; E2       ; 10         ; 1        ; GND*           ;        ;              ;         ; Row I/O    ;                 ; no       ; Off          ;
; E3       ; 8          ; 1        ; GND*           ;        ;              ;         ; Row I/O    ;                 ; no       ; Off          ;
; E4       ; 6          ; 1        ; GND*           ;        ;              ;         ; Row I/O    ;                 ; no       ; Off          ;
; E5       ;            ;          ; NC             ;        ;              ;         ; --         ;                 ; --       ; --           ;
; E6       ;            ;          ; NC             ;        ;              ;         ; --         ;                 ; --       ; --           ;
; E7       ;            ;          ; NC             ;        ;              ;         ; --         ;                 ; --       ; --           ;
; E8       ;            ;          ; NC             ;        ;              ;         ; --         ;                 ; --       ; --           ;
; E9       ;            ;          ; NC             ;        ;              ;         ; --         ;                 ; --       ; --           ;
; E10      ;            ;          ; NC             ;        ;              ;         ; --         ;                 ; --       ; --           ;
; E11      ;            ;          ; NC             ;        ;              ;         ; --         ;                 ; --       ; --           ;
; E12      ;            ;          ; NC             ;        ;              ;         ; --         ;                 ; --       ; --           ;
; E13      ; 114        ; 2        ; na_i[3]        ; input  ; 3.3-V LVTTL  ;         ; Row I/O    ; N               ; no       ; Off          ;
; E14      ; 112        ; 2        ; opcode_i[2]    ; input  ; 3.3-V LVTTL  ;         ; Row I/O    ; N               ; no       ; Off          ;
; E15      ; 119        ; 2        ; dep_sgn_o      ; output ; 3.3-V LVTTL  ;         ; Row I/O    ; N               ; no       ; Off          ;
; E16      ; 117        ; 2        ; opcode_i[1]    ; input  ; 3.3-V LVTTL  ;         ; Row I/O    ; N               ; no       ; Off          ;
; F1       ; 9          ; 1        ; GND*           ;        ;              ;         ; Row I/O    ;                 ; no       ; Off          ;
; F2       ; 7          ; 1        ; GND*           ;        ;              ;         ; Row I/O    ;                 ; no       ; Off          ;
; F3       ; 12         ; 1        ; GND*           ;        ;              ;         ; Row I/O    ;                 ; no       ; Off          ;
; F4       ;            ;          ; NC             ;        ;              ;         ; --         ;                 ; --       ; --           ;
; F5       ;            ;          ; NC             ;        ;              ;         ; --         ;                 ; --       ; --           ;
; F6       ;            ;          ; NC             ;        ;              ;         ; --         ;                 ; --       ; --           ;
; F7       ;            ;          ; NC             ;        ;              ;         ; --         ;                 ; --       ; --           ;
; F8       ;            ; 2        ; VCCIO2         ; power  ;              ; 3.3V    ; --         ;                 ; --       ; --           ;
; F9       ;            ; 2        ; VCCIO2         ; power  ;              ; 3.3V    ; --         ;                 ; --       ; --           ;
; F10      ;            ;          ; NC             ;        ;              ;         ; --         ;                 ; --       ; --           ;
; F11      ;            ;          ; NC             ;        ;              ;         ; --         ;                 ; --       ; --           ;
; F12      ;            ;          ; NC             ;        ;              ;         ; --         ;                 ; --       ; --           ;
; F13      ; 110        ; 2        ; GND*           ;        ;              ;         ; Row I/O    ;                 ; no       ; Off          ;
; F14      ; 108        ; 2        ; na_i[2]        ; input  ; 3.3-V LVTTL  ;         ; Row I/O    ; N               ; no       ; Off          ;
; F15      ; 115        ; 2        ; opcode_i[0]    ; input  ; 3.3-V LVTTL  ;         ; Row I/O    ; N               ; no       ; Off          ;
; F16      ; 113        ; 2        ; GND*           ;        ;              ;         ; Row I/O    ;                 ; no       ; Off          ;
; G1       ; 13         ; 1        ; GND*           ;        ;              ;         ; Row I/O    ;                 ; no       ; Off          ;
; G2       ; 11         ; 1        ; GND*           ;        ;              ;         ; Row I/O    ;                 ; no       ; Off          ;
; G3       ; 14         ; 1        ; GND*           ;        ;              ;         ; Row I/O    ;                 ; no       ; Off          ;
; G4       ;            ;          ; NC             ;        ;              ;         ; --         ;                 ; --       ; --           ;
; G5       ;            ;          ; NC             ;        ;              ;         ; --         ;                 ; --       ; --           ;
; G6       ;            ;          ; NC             ;        ;              ;         ; --         ;                 ; --       ; --           ;
; G7       ;            ;          ; GND            ; gnd    ;              ;         ; --         ;                 ; --       ; --           ;
; G8       ;            ;          ; GND            ; gnd    ;              ;         ; --         ;                 ; --       ; --           ;
; G9       ;            ;          ; GND            ; gnd    ;              ;         ; --         ;                 ; --       ; --           ;
; G10      ;            ;          ; GND            ; gnd    ;              ;         ; --         ;                 ; --       ; --           ;
; G11      ;            ;          ; NC             ;        ;              ;         ; --         ;                 ; --       ; --           ;
; G12      ;            ;          ; NC             ;        ;              ;         ; --         ;                 ; --       ; --           ;
; G13      ;            ;          ; NC             ;        ;              ;         ; --         ;                 ; --       ; --           ;
; G14      ; 106        ; 2        ; GND*           ;        ;              ;         ; Row I/O    ;                 ; no       ; Off          ;
; G15      ; 111        ; 2        ; result_o[0]    ; output ; 3.3-V LVTTL  ;         ; Row I/O    ; N               ; no       ; Off          ;
; G16      ; 109        ; 2        ; nb_i[2]        ; input  ; 3.3-V LVTTL  ;         ; Row I/O    ; N               ; no       ; Off          ;
; H1       ; 17         ; 1        ; GND*           ;        ;              ;         ; Row I/O    ;                 ; no       ; Off          ;
; H2       ; 15         ; 1        ; GND*           ;        ;              ;         ; Row I/O    ;                 ; no       ; Off          ;
; H3       ; 16         ; 1        ; GND*           ;        ;              ;         ; Row I/O    ;                 ; no       ; Off          ;
; H4       ;            ;          ; NC             ;        ;              ;         ; --         ;                 ; --       ; --           ;
; H5       ; 20         ; 1        ; GND*           ;        ;              ;         ; Row I/O    ;                 ; no       ; Off          ;
; H6       ;            ; 1        ; VCCIO1         ; power  ;              ; 3.3V    ; --         ;                 ; --       ; --           ;
; H7       ;            ;          ; GND            ; gnd    ;              ;         ; --         ;                 ; --       ; --           ;
; H8       ;            ;          ; VCCINT         ; power  ;              ; 1.8V    ; --         ;                 ; --       ; --           ;
; H9       ;            ;          ; GND            ; gnd    ;              ;         ; --         ;                 ; --       ; --           ;
; H10      ;            ;          ; VCCINT         ; power  ;              ; 1.8V    ; --         ;                 ; --       ; --           ;
; H11      ;            ; 2        ; VCCIO2         ; power  ;              ; 3.3V    ; --         ;                 ; --       ; --           ;
; H12      ; 102        ; 2        ; GND*           ;        ;              ;         ; Row I/O    ;                 ; no       ; Off          ;
; H13      ;            ;          ; NC             ;        ;              ;         ; --         ;                 ; --       ; --           ;
; H14      ; 104        ; 2        ; GND*           ;        ;              ;         ; Row I/O    ;                 ; no       ; Off          ;
; H15      ; 107        ; 2        ; nb_i[0]        ; input  ; 3.3-V LVTTL  ;         ; Row I/O    ; N               ; no       ; Off          ;
; H16      ; 105        ; 2        ; GND*           ;        ;              ;         ; Row I/O    ;                 ; no       ; Off          ;
; J1       ; 19         ; 1        ; GND*           ;        ;              ;         ; Row I/O    ;                 ; no       ; Off          ;
; J2       ; 23         ; 1        ; GND*           ;        ;              ;         ; Row I/O    ;                 ; no       ; Off          ;
; J3       ; 18         ; 1        ; GND*           ;        ;              ;         ; Row I/O    ;                 ; no       ; Off          ;
; J4       ;            ;          ; NC             ;        ;              ;         ; --         ;                 ; --       ; --           ;
; J5       ; 21         ; 1        ; GND*           ;        ;              ;         ; Row I/O    ;                 ; no       ; Off          ;
; J6       ;            ; 1        ; VCCIO1         ; power  ;              ; 3.3V    ; --         ;                 ; --       ; --           ;
; J7       ;            ;          ; VCCINT         ; power  ;              ; 1.8V    ; --         ;                 ; --       ; --           ;
; J8       ;            ;          ; GND            ; gnd    ;              ;         ; --         ;                 ; --       ; --           ;
; J9       ;            ;          ; VCCINT         ; power  ;              ; 1.8V    ; --         ;                 ; --       ; --           ;
; J10      ;            ;          ; GND            ; gnd    ;              ;         ; --         ;                 ; --       ; --           ;
; J11      ;            ; 2        ; VCCIO2         ; power  ;              ; 3.3V    ; --         ;                 ; --       ; --           ;
; J12      ; 101        ; 2        ; GND*           ;        ;              ;         ; Row I/O    ;                 ; no       ; Off          ;
; J13      ;            ;          ; NC             ;        ;              ;         ; --         ;                 ; --       ; --           ;
; J14      ; 100        ; 2        ; GND*           ;        ;              ;         ; Row I/O    ;                 ; no       ; Off          ;
; J15      ; 99         ; 2        ; GND*           ;        ;              ;         ; Row I/O    ;                 ; no       ; Off          ;
; J16      ; 103        ; 2        ; GND*           ;        ;              ;         ; Row I/O    ;                 ; no       ; Off          ;
; K1       ; 25         ; 1        ; GND*           ;        ;              ;         ; Row I/O    ;                 ; no       ; Off          ;
; K2       ; 27         ; 1        ; GND*           ;        ;              ;         ; Row I/O    ;                 ; no       ; Off          ;
; K3       ; 22         ; 1        ; GND*           ;        ;              ;         ; Row I/O    ;                 ; no       ; Off          ;
; K4       ;            ;          ; NC             ;        ;              ;         ; --         ;                 ; --       ; --           ;
; K5       ;            ;          ; NC             ;        ;              ;         ; --         ;                 ; --       ; --           ;
; K6       ;            ;          ; NC             ;        ;              ;         ; --         ;                 ; --       ; --           ;
; K7       ;            ;          ; GND            ; gnd    ;              ;         ; --         ;                 ; --       ; --           ;
; K8       ;            ;          ; GND            ; gnd    ;              ;         ; --         ;                 ; --       ; --           ;
; K9       ;            ;          ; GND            ; gnd    ;              ;         ; --         ;                 ; --       ; --           ;
; K10      ;            ;          ; GND            ; gnd    ;              ;         ; --         ;                 ; --       ; --           ;
; K11      ;            ;          ; NC             ;        ;              ;         ; --         ;                 ; --       ; --           ;
; K12      ;            ;          ; NC             ;        ;              ;         ; --         ;                 ; --       ; --           ;
; K13      ;            ;          ; NC             ;        ;              ;         ; --         ;                 ; --       ; --           ;
; K14      ; 98         ; 2        ; nb_i[1]        ; input  ; 3.3-V LVTTL  ;         ; Row I/O    ; N               ; no       ; Off          ;
; K15      ; 95         ; 2        ; GND*           ;        ;              ;         ; Row I/O    ;                 ; no       ; Off          ;
; K16      ; 97         ; 2        ; GND*           ;        ;              ;         ; Row I/O    ;                 ; no       ; Off          ;
; L1       ; 29         ; 1        ; GND*           ;        ;              ;         ; Row I/O    ;                 ; no       ; Off          ;
; L2       ; 31         ; 1        ; GND*           ;        ;              ;         ; Row I/O    ;                 ; no       ; Off          ;
; L3       ; 24         ; 1        ; GND*           ;        ;              ;         ; Row I/O    ;                 ; no       ; Off          ;
; L4       ; 26         ; 1        ; GND*           ;        ;              ;         ; Row I/O    ;                 ; no       ; Off          ;
; L5       ;            ;          ; NC             ;        ;              ;         ; --         ;                 ; --       ; --           ;
; L6       ; 39         ; 1        ; #TDI           ; input  ;              ;         ; --         ;                 ; --       ; --           ;
; L7       ;            ;          ; NC             ;        ;              ;         ; --         ;                 ; --       ; --           ;
; L8       ;            ; 1        ; VCCIO1         ; power  ;              ; 3.3V    ; --         ;                 ; --       ; --           ;
; L9       ;            ; 1        ; VCCIO1         ; power  ;              ; 3.3V    ; --         ;                 ; --       ; --           ;
; L10      ;            ;          ; NC             ;        ;              ;         ; --         ;                 ; --       ; --           ;
; L11      ;            ;          ; NC             ;        ;              ;         ; --         ;                 ; --       ; --           ;
; L12      ;            ;          ; NC             ;        ;              ;         ; --         ;                 ; --       ; --           ;
; L13      ; 94         ; 2        ; na_i[1]        ; input  ; 3.3-V LVTTL  ;         ; Row I/O    ; N               ; no       ; Off          ;
; L14      ; 96         ; 2        ; GND*           ;        ;              ;         ; Row I/O    ;                 ; no       ; Off          ;
; L15      ; 91         ; 2        ; GND*           ;        ;              ;         ; Row I/O    ;                 ; no       ; Off          ;
; L16      ; 93         ; 2        ; GND*           ;        ;              ;         ; Row I/O    ;                 ; no       ; Off          ;
; M1       ; 33         ; 1        ; GND*           ;        ;              ;         ; Row I/O    ;                 ; no       ; Off          ;
; M2       ; 28         ; 1        ; GND*           ;        ;              ;         ; Row I/O    ;                 ; no       ; Off          ;
; M3       ; 30         ; 1        ; GND*           ;        ;              ;         ; Row I/O    ;                 ; no       ; Off          ;
; M4       ; 32         ; 1        ; GND*           ;        ;              ;         ; Row I/O    ;                 ; no       ; Off          ;
; M5       ; 41         ; 1        ; #TDO           ; output ;              ;         ; --         ;                 ; --       ; --           ;
; M6       ;            ;          ; NC             ;        ;              ;         ; --         ;                 ; --       ; --           ;
; M7       ;            ;          ; NC             ;        ;              ;         ; --         ;                 ; --       ; --           ;
; M8       ; 66         ; 1        ; GND*           ;        ;              ;         ; Column I/O ;                 ; no       ; Off          ;
; M9       ; 67         ; 1        ; GND*           ;        ;              ;         ; Column I/O ;                 ; no       ; Off          ;
; M10      ;            ;          ; NC             ;        ;              ;         ; --         ;                 ; --       ; --           ;
; M11      ;            ;          ; NC             ;        ;              ;         ; --         ;                 ; --       ; --           ;
; M12      ;            ;          ; NC             ;        ;              ;         ; --         ;                 ; --       ; --           ;
; M13      ; 90         ; 2        ; GND*           ;        ;              ;         ; Row I/O    ;                 ; no       ; Off          ;
; M14      ; 92         ; 2        ; GND*           ;        ;              ;         ; Row I/O    ;                 ; no       ; Off          ;
; M15      ; 87         ; 2        ; GND*           ;        ;              ;         ; Row I/O    ;                 ; no       ; Off          ;
; M16      ; 89         ; 2        ; GND*           ;        ;              ;         ; Row I/O    ;                 ; no       ; Off          ;
; N1       ; 35         ; 1        ; GND*           ;        ;              ;         ; Column I/O ;                 ; no       ; Off          ;
; N2       ; 34         ; 1        ; GND*           ;        ;              ;         ; Column I/O ;                 ; no       ; Off          ;
; N3       ; 36         ; 1        ; GND*           ;        ;              ;         ; Column I/O ;                 ; no       ; Off          ;
; N4       ; 38         ; 1        ; #TMS           ; input  ;              ;         ; --         ;                 ; --       ; --           ;
; N5       ; 48         ; 1        ; GND*           ;        ;              ;         ; Column I/O ;                 ; no       ; Off          ;
; N6       ;            ;          ; NC             ;        ;              ;         ; --         ;                 ; --       ; --           ;
; N7       ;            ;          ; NC             ;        ;              ;         ; --         ;                 ; --       ; --           ;
; N8       ;            ;          ; NC             ;        ;              ;         ; --         ;                 ; --       ; --           ;
; N9       ;            ;          ; NC             ;        ;              ;         ; --         ;                 ; --       ; --           ;
; N10      ;            ;          ; NC             ;        ;              ;         ; --         ;                 ; --       ; --           ;
; N11      ;            ;          ; NC             ;        ;              ;         ; --         ;                 ; --       ; --           ;
; N12      ; 74         ; 1        ; GND*           ;        ;              ;         ; Column I/O ;                 ; no       ; Off          ;
; N13      ; 86         ; 2        ; GND*           ;        ;              ;         ; Row I/O    ;                 ; no       ; Off          ;
; N14      ; 88         ; 2        ; GND*           ;        ;              ;         ; Row I/O    ;                 ; no       ; Off          ;
; N15      ; 83         ; 2        ; GND*           ;        ;              ;         ; Row I/O    ;                 ; no       ; Off          ;
; N16      ; 85         ; 2        ; GND*           ;        ;              ;         ; Row I/O    ;                 ; no       ; Off          ;
; P1       ;            ; 1        ; VCCIO1         ; power  ;              ; 3.3V    ; --         ;                 ; --       ; --           ;
; P2       ; 37         ; 1        ; GND*           ;        ;              ;         ; Column I/O ;                 ; no       ; Off          ;
; P3       ; 40         ; 1        ; #TCK           ; input  ;              ;         ; --         ;                 ; --       ; --           ;
; P4       ; 44         ; 1        ; GND*           ;        ;              ;         ; Column I/O ;                 ; no       ; Off          ;
; P5       ; 50         ; 1        ; GND*           ;        ;              ;         ; Column I/O ;                 ; no       ; Off          ;
; P6       ; 54         ; 1        ; GND*           ;        ;              ;         ; Column I/O ;                 ; no       ; Off          ;
; P7       ; 56         ; 1        ; GND*           ;        ;              ;         ; Column I/O ;                 ; no       ; Off          ;
; P8       ; 58         ; 1        ; GND*           ;        ;              ;         ; Column I/O ;                 ; no       ; Off          ;
; P9       ; 60         ; 1        ; GND*           ;        ;              ;         ; Column I/O ;                 ; no       ; Off          ;
; P10      ; 64         ; 1        ; GND*           ;        ;              ;         ; Column I/O ;                 ; no       ; Off          ;
; P11      ; 68         ; 1        ; GND*           ;        ;              ;         ; Column I/O ;                 ; no       ; Off          ;
; P12      ; 72         ; 1        ; GND*           ;        ;              ;         ; Column I/O ;                 ; no       ; Off          ;
; P13      ; 78         ; 1        ; GND*           ;        ;              ;         ; Column I/O ;                 ; no       ; Off          ;
; P14      ; 82         ; 2        ; GND*           ;        ;              ;         ; Row I/O    ;                 ; no       ; Off          ;
; P15      ; 84         ; 2        ; GND*           ;        ;              ;         ; Row I/O    ;                 ; no       ; Off          ;
; P16      ;            ; 2        ; VCCIO2         ; power  ;              ; 3.3V    ; --         ;                 ; --       ; --           ;
; R1       ; 43         ; 1        ; GND*           ;        ;              ;         ; Column I/O ;                 ; no       ; Off          ;
; R2       ;            ;          ; GND            ; gnd    ;              ;         ; --         ;                 ; --       ; --           ;
; R3       ; 42         ; 1        ; GND*           ;        ;              ;         ; Column I/O ;                 ; no       ; Off          ;
; R4       ; 46         ; 1        ; GND*           ;        ;              ;         ; Column I/O ;                 ; no       ; Off          ;
; R5       ; 52         ; 1        ; GND*           ;        ;              ;         ; Column I/O ;                 ; no       ; Off          ;
; R6       ; 51         ; 1        ; GND*           ;        ;              ;         ; Column I/O ;                 ; no       ; Off          ;
; R7       ; 55         ; 1        ; GND*           ;        ;              ;         ; Column I/O ;                 ; no       ; Off          ;
; R8       ; 59         ; 1        ; GND*           ;        ;              ;         ; Column I/O ;                 ; no       ; Off          ;
; R9       ; 63         ; 1        ; GND*           ;        ;              ;         ; Column I/O ;                 ; no       ; Off          ;
; R10      ; 69         ; 1        ; GND*           ;        ;              ;         ; Column I/O ;                 ; no       ; Off          ;
; R11      ; 73         ; 1        ; GND*           ;        ;              ;         ; Column I/O ;                 ; no       ; Off          ;
; R12      ; 70         ; 1        ; GND*           ;        ;              ;         ; Column I/O ;                 ; no       ; Off          ;
; R13      ; 76         ; 1        ; GND*           ;        ;              ;         ; Column I/O ;                 ; no       ; Off          ;
; R14      ; 80         ; 1        ; GND*           ;        ;              ;         ; Column I/O ;                 ; no       ; Off          ;
; R15      ;            ;          ; GND            ; gnd    ;              ;         ; --         ;                 ; --       ; --           ;
; R16      ; 81         ; 1        ; GND*           ;        ;              ;         ; Column I/O ;                 ; no       ; Off          ;
; T1       ;            ;          ; GND            ; gnd    ;              ;         ; --         ;                 ; --       ; --           ;
; T2       ; 45         ; 1        ; GND*           ;        ;              ;         ; Column I/O ;                 ; no       ; Off          ;
; T3       ;            ; 1        ; VCCIO1         ; power  ;              ; 3.3V    ; --         ;                 ; --       ; --           ;
; T4       ; 47         ; 1        ; GND*           ;        ;              ;         ; Column I/O ;                 ; no       ; Off          ;
; T5       ; 49         ; 1        ; GND*           ;        ;              ;         ; Column I/O ;                 ; no       ; Off          ;
; T6       ; 53         ; 1        ; GND*           ;        ;              ;         ; Column I/O ;                 ; no       ; Off          ;
; T7       ; 57         ; 1        ; GND*           ;        ;              ;         ; Column I/O ;                 ; no       ; Off          ;
; T8       ; 61         ; 1        ; GND*           ;        ;              ;         ; Column I/O ;                 ; no       ; Off          ;
; T9       ; 62         ; 1        ; GND*           ;        ;              ;         ; Column I/O ;                 ; no       ; Off          ;
; T10      ; 65         ; 1        ; GND*           ;        ;              ;         ; Column I/O ;                 ; no       ; Off          ;
; T11      ; 71         ; 1        ; GND*           ;        ;              ;         ; Column I/O ;                 ; no       ; Off          ;
; T12      ; 75         ; 1        ; GND*           ;        ;              ;         ; Column I/O ;                 ; no       ; Off          ;
; T13      ; 77         ; 1        ; GND*           ;        ;              ;         ; Column I/O ;                 ; no       ; Off          ;
; T14      ;            ; 1        ; VCCIO1         ; power  ;              ; 3.3V    ; --         ;                 ; --       ; --           ;
; T15      ; 79         ; 1        ; GND*           ;        ;              ;         ; Column I/O ;                 ; no       ; Off          ;
; T16      ;            ;          ; GND            ; gnd    ;              ;         ; --         ;                 ; --       ; --           ;
+----------+------------+----------+----------------+--------+--------------+---------+------------+-----------------+----------+--------------+
Note: Pin directions (input, output or bidir) are based on device operating in user mode.


+-------------------------------------------------------------+
; Output Pin Default Load For Reported TCO                    ;
+----------------------------+-------+------------------------+
; I/O Standard               ; Load  ; Termination Resistance ;
+----------------------------+-------+------------------------+
; 3.3-V LVTTL                ; 10 pF ; Not Available          ;
; 3.3-V LVCMOS               ; 10 pF ; Not Available          ;
; 2.5 V                      ; 10 pF ; Not Available          ;
; 1.8 V                      ; 10 pF ; Not Available          ;
; 1.5 V                      ; 10 pF ; Not Available          ;
; 3.3V Schmitt Trigger Input ; 10 pF ; Not Available          ;
; 2.5V Schmitt Trigger Input ; 10 pF ; Not Available          ;
; 1.2 V                      ; 10 pF ; Not Available          ;
; LVDS_E_3R                  ; 10 pF ; Not Available          ;
; RSDS_E_3R                  ; 10 pF ; Not Available          ;
+----------------------------+-------+------------------------+
Note: User assignments will override these defaults. The user specified values are listed in the Output Pins and Bidir Pins tables.


+-------------------------------------------+
; I/O Assignment Warnings                   ;
+-------------+-----------------------------+
; Pin Name    ; Reason                      ;
+-------------+-----------------------------+
; result_o[0] ; Missing location assignment ;
; result_o[1] ; Missing location assignment ;
; result_o[2] ; Missing location assignment ;
; result_o[3] ; Missing location assignment ;
; z_o         ; Missing location assignment ;
; dep_nsgn_o  ; Missing location assignment ;
; dep_sgn_o   ; Missing location assignment ;
; opcode_i[1] ; Missing location assignment ;
; opcode_i[0] ; Missing location assignment ;
; opcode_i[2] ; Missing location assignment ;
; na_i[3]     ; Missing location assignment ;
; nb_i[3]     ; Missing location assignment ;
; nb_i[0]     ; Missing location assignment ;
; na_i[0]     ; Missing location assignment ;
; nb_i[1]     ; Missing location assignment ;
; na_i[1]     ; Missing location assignment ;
; nb_i[2]     ; Missing location assignment ;
; na_i[2]     ; Missing location assignment ;
+-------------+-----------------------------+


+--------------------------------------------------------------------------------------------------------------------------------------------------------------------------------------------------------------------------------------------------------------+
; Fitter Resource Utilization by Entity                                                                                                                                                                                                                        ;
+----------------------------+-------------+--------------+------------+------+--------------+--------------+-------------------+------------------+-----------------+------------+---------------------------------------------+---------------+--------------+
; Compilation Hierarchy Node ; Logic Cells ; LC Registers ; UFM Blocks ; Pins ; Virtual Pins ; LUT-Only LCs ; Register-Only LCs ; LUT/Register LCs ; Carry Chain LCs ; Packed LCs ; Full Hierarchy Name                         ; Entity Name   ; Library Name ;
+----------------------------+-------------+--------------+------------+------+--------------+--------------+-------------------+------------------+-----------------+------------+---------------------------------------------+---------------+--------------+
; |alu_nbits_top             ; 28 (22)     ; 0            ; 0          ; 18   ; 0            ; 28 (22)      ; 0 (0)             ; 0 (0)            ; 5 (0)           ; 0 (0)      ; |alu_nbits_top                              ; alu_nbits_top ; work         ;
;    |addn_full:add_inst|    ; 6 (1)       ; 0            ; 0          ; 0    ; 0            ; 6 (1)        ; 0 (0)             ; 0 (0)            ; 5 (0)           ; 0 (0)      ; |alu_nbits_top|addn_full:add_inst           ; addn_full     ; work         ;
;       |addn:add3|          ; 5 (5)       ; 0            ; 0          ; 0    ; 0            ; 5 (5)        ; 0 (0)             ; 0 (0)            ; 5 (5)           ; 0 (0)      ; |alu_nbits_top|addn_full:add_inst|addn:add3 ; addn          ; work         ;
+----------------------------+-------------+--------------+------------+------+--------------+--------------+-------------------+------------------+-----------------+------------+---------------------------------------------+---------------+--------------+
Note: For table entries with two numbers listed, the numbers in parentheses indicate the number of resources of the given type used by the specific entity alone. The numbers listed outside of parentheses indicate the total resources of the given type used by the specific entity and all of its sub-entities in the hierarchy.


+----------------------------------------+
; Delay Chain Summary                    ;
+-------------+----------+---------------+
; Name        ; Pin Type ; Pad to Core 0 ;
+-------------+----------+---------------+
; result_o[0] ; Output   ; --            ;
; result_o[1] ; Output   ; --            ;
; result_o[2] ; Output   ; --            ;
; result_o[3] ; Output   ; --            ;
; z_o         ; Output   ; --            ;
; dep_nsgn_o  ; Output   ; --            ;
; dep_sgn_o   ; Output   ; --            ;
; opcode_i[1] ; Input    ; (1)           ;
; opcode_i[0] ; Input    ; (1)           ;
; opcode_i[2] ; Input    ; (1)           ;
; na_i[3]     ; Input    ; (1)           ;
; nb_i[3]     ; Input    ; (1)           ;
; nb_i[0]     ; Input    ; (1)           ;
; na_i[0]     ; Input    ; (1)           ;
; nb_i[1]     ; Input    ; (1)           ;
; na_i[1]     ; Input    ; (1)           ;
; nb_i[2]     ; Input    ; (1)           ;
; na_i[2]     ; Input    ; (1)           ;
+-------------+----------+---------------+


+---------------------------------------------+
; Routing Usage Summary                       ;
+-----------------------+---------------------+
; Routing Resource Type ; Usage               ;
+-----------------------+---------------------+
; C4s                   ; 21 / 1,624 ( 1 % )  ;
; Direct links          ; 1 / 1,930 ( < 1 % ) ;
; Global clocks         ; 0 / 4 ( 0 % )       ;
; LAB clocks            ; 0 / 56 ( 0 % )      ;
; LUT chains            ; 0 / 513 ( 0 % )     ;
; Local interconnects   ; 32 / 1,930 ( 2 % )  ;
; R4s                   ; 15 / 1,472 ( 1 % )  ;
+-----------------------+---------------------+


+--------------------------------------------------------------------------+
; LAB Logic Elements                                                       ;
+--------------------------------------------+-----------------------------+
; Number of Logic Elements  (Average = 9.33) ; Number of LABs  (Total = 3) ;
+--------------------------------------------+-----------------------------+
; 1                                          ; 0                           ;
; 2                                          ; 0                           ;
; 3                                          ; 0                           ;
; 4                                          ; 0                           ;
; 5                                          ; 0                           ;
; 6                                          ; 0                           ;
; 7                                          ; 0                           ;
; 8                                          ; 1                           ;
; 9                                          ; 0                           ;
; 10                                         ; 2                           ;
+--------------------------------------------+-----------------------------+


+---------------------------------------------------------------------------+
; LAB Signals Sourced                                                       ;
+---------------------------------------------+-----------------------------+
; Number of Signals Sourced  (Average = 9.00) ; Number of LABs  (Total = 3) ;
+---------------------------------------------+-----------------------------+
; 0                                           ; 0                           ;
; 1                                           ; 0                           ;
; 2                                           ; 0                           ;
; 3                                           ; 0                           ;
; 4                                           ; 0                           ;
; 5                                           ; 0                           ;
; 6                                           ; 0                           ;
; 7                                           ; 0                           ;
; 8                                           ; 1                           ;
; 9                                           ; 1                           ;
; 10                                          ; 1                           ;
+---------------------------------------------+-----------------------------+


+-------------------------------------------------------------------------------+
; LAB Signals Sourced Out                                                       ;
+-------------------------------------------------+-----------------------------+
; Number of Signals Sourced Out  (Average = 4.67) ; Number of LABs  (Total = 3) ;
+-------------------------------------------------+-----------------------------+
; 0                                               ; 0                           ;
; 1                                               ; 0                           ;
; 2                                               ; 0                           ;
; 3                                               ; 0                           ;
; 4                                               ; 1                           ;
; 5                                               ; 2                           ;
+-------------------------------------------------+-----------------------------+


+---------------------------------------------------------------------------+
; LAB Distinct Inputs                                                       ;
+---------------------------------------------+-----------------------------+
; Number of Distinct Inputs  (Average = 8.67) ; Number of LABs  (Total = 3) ;
+---------------------------------------------+-----------------------------+
; 0                                           ; 0                           ;
; 1                                           ; 0                           ;
; 2                                           ; 0                           ;
; 3                                           ; 0                           ;
; 4                                           ; 0                           ;
; 5                                           ; 0                           ;
; 6                                           ; 0                           ;
; 7                                           ; 1                           ;
; 8                                           ; 0                           ;
; 9                                           ; 1                           ;
; 10                                          ; 1                           ;
+---------------------------------------------+-----------------------------+


+-------------------------------------------------------------------------+
; Fitter Device Options                                                   ;
+----------------------------------------------+--------------------------+
; Option                                       ; Setting                  ;
+----------------------------------------------+--------------------------+
; Enable user-supplied start-up clock (CLKUSR) ; Off                      ;
; Enable device-wide reset (DEV_CLRn)          ; Off                      ;
; Enable device-wide output enable (DEV_OE)    ; Off                      ;
; Enable INIT_DONE output                      ; Off                      ;
; Configuration scheme                         ; Passive Serial           ;
; Reserve all unused pins                      ; As output driving ground ;
+----------------------------------------------+--------------------------+


+-----------------+
; Fitter Messages ;
+-----------------+
Warning (18236): Number of processors has not been specified which may cause overloading on shared machines.  Set the global assignment NUM_PARALLEL_PROCESSORS in your QSF to an appropriate value for best performance.
Info (20030): Parallel compilation is enabled and will use 2 of the 2 processors detected
Info (119006): Selected device 5M570ZF256C5 for design "maxv_top"
Info (21077): Low junction temperature is 0 degrees C
Info (21077): High junction temperature is 85 degrees C
Info (171003): Fitter is performing an Auto Fit compilation, which may decrease Fitter effort to reduce compilation time
Info (176444): Device migration not selected. If you intend to use device migration later, you may need to change the pin assignments as they may be incompatible with other devices
    Info (176445): Device 5M570ZF256I5 is compatible
    Info (176445): Device 5M1270ZF256C5 is compatible
    Info (176445): Device 5M1270ZF256I5 is compatible
    Info (176445): Device 5M2210ZF256C5 is compatible
    Info (176445): Device 5M2210ZF256I5 is compatible
Critical Warning (169085): No exact pin location assignment(s) for 18 pins of 18 total pins. For the list of pins please refer to the I/O Assignment Warnings table in the fitter report.
Info (332104): Reading SDC File: '../src_pr/maxv_top.sdc'
Warning (332174): Ignored filter at maxv_top.sdc(9): Clk_Main_i could not be matched with a port File: /home/reds/Desktop/CSN/labo3/CSN_labo_alu/alu_nbits/src_pr/maxv_top.sdc Line: 9
Warning (332049): Ignored create_clock at maxv_top.sdc(9): Argument <targets> is an empty collection File: /home/reds/Desktop/CSN/labo3/CSN_labo_alu/alu_nbits/src_pr/maxv_top.sdc Line: 9
    Info (332050): create_clock -name {main_clk} -period 1000 [get_ports Clk_Main_i] File: /home/reds/Desktop/CSN/labo3/CSN_labo_alu/alu_nbits/src_pr/maxv_top.sdc Line: 9
Warning (332174): Ignored filter at maxv_top.sdc(11): Con_25p_io[*] could not be matched with a port File: /home/reds/Desktop/CSN/labo3/CSN_labo_alu/alu_nbits/src_pr/maxv_top.sdc Line: 11
Warning (332049): Ignored set_false_path at maxv_top.sdc(11): Argument <from> is an empty collection File: /home/reds/Desktop/CSN/labo3/CSN_labo_alu/alu_nbits/src_pr/maxv_top.sdc Line: 11
    Info (332050): set_false_path -from [get_ports {Con_25p_io[*]}] -to [get_cells -compatibility_mode *] File: /home/reds/Desktop/CSN/labo3/CSN_labo_alu/alu_nbits/src_pr/maxv_top.sdc Line: 11
Warning (332174): Ignored filter at maxv_top.sdc(12): Con_80p_io[*] could not be matched with a port File: /home/reds/Desktop/CSN/labo3/CSN_labo_alu/alu_nbits/src_pr/maxv_top.sdc Line: 12
Warning (332049): Ignored set_false_path at maxv_top.sdc(12): Argument <from> is an empty collection File: /home/reds/Desktop/CSN/labo3/CSN_labo_alu/alu_nbits/src_pr/maxv_top.sdc Line: 12
    Info (332050): set_false_path -from [get_ports {Con_80p_io[*]}] -to [get_cells -compatibility_mode *] File: /home/reds/Desktop/CSN/labo3/CSN_labo_alu/alu_nbits/src_pr/maxv_top.sdc Line: 12
Warning (332174): Ignored filter at maxv_top.sdc(16): nButton_i[*] could not be matched with a port File: /home/reds/Desktop/CSN/labo3/CSN_labo_alu/alu_nbits/src_pr/maxv_top.sdc Line: 16
Warning (332049): Ignored set_false_path at maxv_top.sdc(16): Argument <from> is an empty collection File: /home/reds/Desktop/CSN/labo3/CSN_labo_alu/alu_nbits/src_pr/maxv_top.sdc Line: 16
    Info (332050): set_false_path -from [get_ports {nButton_i[*]}] -to [get_cells -compatibility_mode *] File: /home/reds/Desktop/CSN/labo3/CSN_labo_alu/alu_nbits/src_pr/maxv_top.sdc Line: 16
Warning (332174): Ignored filter at maxv_top.sdc(17): nReset_i could not be matched with a port File: /home/reds/Desktop/CSN/labo3/CSN_labo_alu/alu_nbits/src_pr/maxv_top.sdc Line: 17
Warning (332049): Ignored set_false_path at maxv_top.sdc(17): Argument <from> is an empty collection File: /home/reds/Desktop/CSN/labo3/CSN_labo_alu/alu_nbits/src_pr/maxv_top.sdc Line: 17
    Info (332050): set_false_path -from [get_ports {nReset_i}] -to [get_cells -compatibility_mode *] File: /home/reds/Desktop/CSN/labo3/CSN_labo_alu/alu_nbits/src_pr/maxv_top.sdc Line: 17
Warning (332174): Ignored filter at maxv_top.sdc(18): Switch_i[*] could not be matched with a port File: /home/reds/Desktop/CSN/labo3/CSN_labo_alu/alu_nbits/src_pr/maxv_top.sdc Line: 18
Warning (332049): Ignored set_false_path at maxv_top.sdc(18): Argument <from> is an empty collection File: /home/reds/Desktop/CSN/labo3/CSN_labo_alu/alu_nbits/src_pr/maxv_top.sdc Line: 18
    Info (332050): set_false_path -from [get_ports {Switch_i[*]}] -to [get_cells -compatibility_mode *] File: /home/reds/Desktop/CSN/labo3/CSN_labo_alu/alu_nbits/src_pr/maxv_top.sdc Line: 18
Warning (332049): Ignored set_false_path at maxv_top.sdc(20): Argument <to> is an empty collection File: /home/reds/Desktop/CSN/labo3/CSN_labo_alu/alu_nbits/src_pr/maxv_top.sdc Line: 20
    Info (332050): set_false_path -from [get_cells -compatibility_mode *] -to [get_ports {Con_25p_io[*]}] File: /home/reds/Desktop/CSN/labo3/CSN_labo_alu/alu_nbits/src_pr/maxv_top.sdc Line: 20
Warning (332049): Ignored set_false_path at maxv_top.sdc(21): Argument <to> is an empty collection File: /home/reds/Desktop/CSN/labo3/CSN_labo_alu/alu_nbits/src_pr/maxv_top.sdc Line: 21
    Info (332050): set_false_path -from [get_cells -compatibility_mode *] -to [get_ports {Con_80p_io[*]}] File: /home/reds/Desktop/CSN/labo3/CSN_labo_alu/alu_nbits/src_pr/maxv_top.sdc Line: 21
Warning (332174): Ignored filter at maxv_top.sdc(22): nLed_o[*] could not be matched with a port File: /home/reds/Desktop/CSN/labo3/CSN_labo_alu/alu_nbits/src_pr/maxv_top.sdc Line: 22
Warning (332049): Ignored set_false_path at maxv_top.sdc(22): Argument <to> is an empty collection File: /home/reds/Desktop/CSN/labo3/CSN_labo_alu/alu_nbits/src_pr/maxv_top.sdc Line: 22
    Info (332050): set_false_path -from [get_cells -compatibility_mode *] -to [get_ports {nLed_o[*]}] File: /home/reds/Desktop/CSN/labo3/CSN_labo_alu/alu_nbits/src_pr/maxv_top.sdc Line: 22
Warning (332174): Ignored filter at maxv_top.sdc(23): Led_RGB_o[*] could not be matched with a port File: /home/reds/Desktop/CSN/labo3/CSN_labo_alu/alu_nbits/src_pr/maxv_top.sdc Line: 23
Warning (332049): Ignored set_false_path at maxv_top.sdc(23): Argument <to> is an empty collection File: /home/reds/Desktop/CSN/labo3/CSN_labo_alu/alu_nbits/src_pr/maxv_top.sdc Line: 23
    Info (332050): set_false_path -from [get_cells -compatibility_mode *] -to [get_ports {Led_RGB_o[*]}] File: /home/reds/Desktop/CSN/labo3/CSN_labo_alu/alu_nbits/src_pr/maxv_top.sdc Line: 23
Warning (332174): Ignored filter at maxv_top.sdc(24): nSeven_Seg_o[*] could not be matched with a port File: /home/reds/Desktop/CSN/labo3/CSN_labo_alu/alu_nbits/src_pr/maxv_top.sdc Line: 24
Warning (332049): Ignored set_false_path at maxv_top.sdc(24): Argument <to> is an empty collection File: /home/reds/Desktop/CSN/labo3/CSN_labo_alu/alu_nbits/src_pr/maxv_top.sdc Line: 24
    Info (332050): set_false_path -from [get_cells -compatibility_mode *] -to [get_ports {nSeven_Seg_o[*]}] File: /home/reds/Desktop/CSN/labo3/CSN_labo_alu/alu_nbits/src_pr/maxv_top.sdc Line: 24
Info (332144): No user constrained base clocks found in the design
Info (332096): The command derive_clocks did not find any clocks to derive.  No clocks were created or changed.
Warning (332068): No clocks defined in design.
Info (332128): Timing requirements not specified -- optimizing circuit to achieve the following default global requirements
    Info (332127): Assuming a default timing requirement
Info (332159): No clocks to report
Warning (332068): No clocks defined in design.
Info (186079): Completed User Assigned Global Signals Promotion Operation
Info (186079): Completed Auto Global Promotion Operation
Info (176234): Starting register packing
Info (186468): Started processing fast register assignments
Info (186469): Finished processing fast register assignments
Info (176235): Finished register packing
Info (176214): Statistics of I/O pins that need to be placed that use the same VCCIO and VREF, before I/O pin placement
    Info (176211): Number of I/O pins in group: 18 (unused VREF, 3.3V VCCIO, 11 input, 7 output, 0 bidirectional)
        Info (176212): I/O standards used: 3.3-V LVTTL.
Info (176215): I/O bank details before I/O pin placement
    Info (176214): Statistics of I/O banks
        Info (176213): I/O bank number 1 does not use VREF pins and has undetermined VCCIO pins. 0 total pin(s) used --  78 pins available
        Info (176213): I/O bank number 2 does not use VREF pins and has undetermined VCCIO pins. 0 total pin(s) used --  81 pins available
Warning (15705): Ignored locations or region assignments to the following nodes
    Warning (15706): Node "Clk_Gen_i" is assigned to location or region, but does not exist in design
    Warning (15706): Node "Clk_Main_i" is assigned to location or region, but does not exist in design
    Warning (15706): Node "Con_25p_io[10]" is assigned to location or region, but does not exist in design
    Warning (15706): Node "Con_25p_io[11]" is assigned to location or region, but does not exist in design
    Warning (15706): Node "Con_25p_io[12]" is assigned to location or region, but does not exist in design
    Warning (15706): Node "Con_25p_io[13]" is assigned to location or region, but does not exist in design
    Warning (15706): Node "Con_25p_io[14]" is assigned to location or region, but does not exist in design
    Warning (15706): Node "Con_25p_io[15]" is assigned to location or region, but does not exist in design
    Warning (15706): Node "Con_25p_io[16]" is assigned to location or region, but does not exist in design
    Warning (15706): Node "Con_25p_io[17]" is assigned to location or region, but does not exist in design
    Warning (15706): Node "Con_25p_io[18]" is assigned to location or region, but does not exist in design
    Warning (15706): Node "Con_25p_io[19]" is assigned to location or region, but does not exist in design
    Warning (15706): Node "Con_25p_io[1]" is assigned to location or region, but does not exist in design
    Warning (15706): Node "Con_25p_io[20]" is assigned to location or region, but does not exist in design
    Warning (15706): Node "Con_25p_io[21]" is assigned to location or region, but does not exist in design
    Warning (15706): Node "Con_25p_io[22]" is assigned to location or region, but does not exist in design
    Warning (15706): Node "Con_25p_io[23]" is assigned to location or region, but does not exist in design
    Warning (15706): Node "Con_25p_io[24]" is assigned to location or region, but does not exist in design
    Warning (15706): Node "Con_25p_io[25]" is assigned to location or region, but does not exist in design
    Warning (15706): Node "Con_25p_io[2]" is assigned to location or region, but does not exist in design
    Warning (15706): Node "Con_25p_io[3]" is assigned to location or region, but does not exist in design
    Warning (15706): Node "Con_25p_io[4]" is assigned to location or region, but does not exist in design
    Warning (15706): Node "Con_25p_io[5]" is assigned to location or region, but does not exist in design
    Warning (15706): Node "Con_25p_io[6]" is assigned to location or region, but does not exist in design
    Warning (15706): Node "Con_25p_io[7]" is assigned to location or region, but does not exist in design
    Warning (15706): Node "Con_25p_io[8]" is assigned to location or region, but does not exist in design
    Warning (15706): Node "Con_25p_io[9]" is assigned to location or region, but does not exist in design
    Warning (15706): Node "Con_80p_io[10]" is assigned to location or region, but does not exist in design
    Warning (15706): Node "Con_80p_io[11]" is assigned to location or region, but does not exist in design
    Warning (15706): Node "Con_80p_io[12]" is assigned to location or region, but does not exist in design
    Warning (15706): Node "Con_80p_io[13]" is assigned to location or region, but does not exist in design
    Warning (15706): Node "Con_80p_io[14]" is assigned to location or region, but does not exist in design
    Warning (15706): Node "Con_80p_io[15]" is assigned to location or region, but does not exist in design
    Warning (15706): Node "Con_80p_io[16]" is assigned to location or region, but does not exist in design
    Warning (15706): Node "Con_80p_io[17]" is assigned to location or region, but does not exist in design
    Warning (15706): Node "Con_80p_io[18]" is assigned to location or region, but does not exist in design
    Warning (15706): Node "Con_80p_io[19]" is assigned to location or region, but does not exist in design
    Warning (15706): Node "Con_80p_io[20]" is assigned to location or region, but does not exist in design
    Warning (15706): Node "Con_80p_io[21]" is assigned to location or region, but does not exist in design
    Warning (15706): Node "Con_80p_io[22]" is assigned to location or region, but does not exist in design
    Warning (15706): Node "Con_80p_io[23]" is assigned to location or region, but does not exist in design
    Warning (15706): Node "Con_80p_io[24]" is assigned to location or region, but does not exist in design
    Warning (15706): Node "Con_80p_io[25]" is assigned to location or region, but does not exist in design
    Warning (15706): Node "Con_80p_io[26]" is assigned to location or region, but does not exist in design
    Warning (15706): Node "Con_80p_io[27]" is assigned to location or region, but does not exist in design
    Warning (15706): Node "Con_80p_io[28]" is assigned to location or region, but does not exist in design
    Warning (15706): Node "Con_80p_io[29]" is assigned to location or region, but does not exist in design
    Warning (15706): Node "Con_80p_io[2]" is assigned to location or region, but does not exist in design
    Warning (15706): Node "Con_80p_io[30]" is assigned to location or region, but does not exist in design
    Warning (15706): Node "Con_80p_io[31]" is assigned to location or region, but does not exist in design
    Warning (15706): Node "Con_80p_io[32]" is assigned to location or region, but does not exist in design
    Warning (15706): Node "Con_80p_io[33]" is assigned to location or region, but does not exist in design
    Warning (15706): Node "Con_80p_io[34]" is assigned to location or region, but does not exist in design
    Warning (15706): Node "Con_80p_io[35]" is assigned to location or region, but does not exist in design
    Warning (15706): Node "Con_80p_io[36]" is assigned to location or region, but does not exist in design
    Warning (15706): Node "Con_80p_io[37]" is assigned to location or region, but does not exist in design
    Warning (15706): Node "Con_80p_io[38]" is assigned to location or region, but does not exist in design
    Warning (15706): Node "Con_80p_io[39]" is assigned to location or region, but does not exist in design
    Warning (15706): Node "Con_80p_io[3]" is assigned to location or region, but does not exist in design
    Warning (15706): Node "Con_80p_io[40]" is assigned to location or region, but does not exist in design
    Warning (15706): Node "Con_80p_io[41]" is assigned to location or region, but does not exist in design
    Warning (15706): Node "Con_80p_io[42]" is assigned to location or region, but does not exist in design
    Warning (15706): Node "Con_80p_io[43]" is assigned to location or region, but does not exist in design
    Warning (15706): Node "Con_80p_io[44]" is assigned to location or region, but does not exist in design
    Warning (15706): Node "Con_80p_io[45]" is assigned to location or region, but does not exist in design
    Warning (15706): Node "Con_80p_io[46]" is assigned to location or region, but does not exist in design
    Warning (15706): Node "Con_80p_io[47]" is assigned to location or region, but does not exist in design
    Warning (15706): Node "Con_80p_io[48]" is assigned to location or region, but does not exist in design
    Warning (15706): Node "Con_80p_io[49]" is assigned to location or region, but does not exist in design
    Warning (15706): Node "Con_80p_io[4]" is assigned to location or region, but does not exist in design
    Warning (15706): Node "Con_80p_io[50]" is assigned to location or region, but does not exist in design
    Warning (15706): Node "Con_80p_io[51]" is assigned to location or region, but does not exist in design
    Warning (15706): Node "Con_80p_io[52]" is assigned to location or region, but does not exist in design
    Warning (15706): Node "Con_80p_io[53]" is assigned to location or region, but does not exist in design
    Warning (15706): Node "Con_80p_io[54]" is assigned to location or region, but does not exist in design
    Warning (15706): Node "Con_80p_io[55]" is assigned to location or region, but does not exist in design
    Warning (15706): Node "Con_80p_io[56]" is assigned to location or region, but does not exist in design
    Warning (15706): Node "Con_80p_io[57]" is assigned to location or region, but does not exist in design
    Warning (15706): Node "Con_80p_io[58]" is assigned to location or region, but does not exist in design
    Warning (15706): Node "Con_80p_io[59]" is assigned to location or region, but does not exist in design
    Warning (15706): Node "Con_80p_io[5]" is assigned to location or region, but does not exist in design
    Warning (15706): Node "Con_80p_io[60]" is assigned to location or region, but does not exist in design
    Warning (15706): Node "Con_80p_io[61]" is assigned to location or region, but does not exist in design
    Warning (15706): Node "Con_80p_io[62]" is assigned to location or region, but does not exist in design
    Warning (15706): Node "Con_80p_io[63]" is assigned to location or region, but does not exist in design
    Warning (15706): Node "Con_80p_io[64]" is assigned to location or region, but does not exist in design
    Warning (15706): Node "Con_80p_io[65]" is assigned to location or region, but does not exist in design
    Warning (15706): Node "Con_80p_io[66]" is assigned to location or region, but does not exist in design
    Warning (15706): Node "Con_80p_io[67]" is assigned to location or region, but does not exist in design
    Warning (15706): Node "Con_80p_io[68]" is assigned to location or region, but does not exist in design
    Warning (15706): Node "Con_80p_io[69]" is assigned to location or region, but does not exist in design
    Warning (15706): Node "Con_80p_io[6]" is assigned to location or region, but does not exist in design
    Warning (15706): Node "Con_80p_io[70]" is assigned to location or region, but does not exist in design
    Warning (15706): Node "Con_80p_io[71]" is assigned to location or region, but does not exist in design
    Warning (15706): Node "Con_80p_io[72]" is assigned to location or region, but does not exist in design
    Warning (15706): Node "Con_80p_io[73]" is assigned to location or region, but does not exist in design
    Warning (15706): Node "Con_80p_io[74]" is assigned to location or region, but does not exist in design
    Warning (15706): Node "Con_80p_io[75]" is assigned to location or region, but does not exist in design
    Warning (15706): Node "Con_80p_io[76]" is assigned to location or region, but does not exist in design
    Warning (15706): Node "Con_80p_io[77]" is assigned to location or region, but does not exist in design
    Warning (15706): Node "Con_80p_io[78]" is assigned to location or region, but does not exist in design
    Warning (15706): Node "Con_80p_io[79]" is assigned to location or region, but does not exist in design
    Warning (15706): Node "Con_80p_io[7]" is assigned to location or region, but does not exist in design
    Warning (15706): Node "Con_80p_io[8]" is assigned to location or region, but does not exist in design
    Warning (15706): Node "Con_80p_io[9]" is assigned to location or region, but does not exist in design
    Warning (15706): Node "Encoder_A_i" is assigned to location or region, but does not exist in design
    Warning (15706): Node "Encoder_B_i" is assigned to location or region, but does not exist in design
    Warning (15706): Node "Led_RGB_o[0]" is assigned to location or region, but does not exist in design
    Warning (15706): Node "Led_RGB_o[1]" is assigned to location or region, but does not exist in design
    Warning (15706): Node "Led_RGB_o[2]" is assigned to location or region, but does not exist in design
    Warning (15706): Node "Mezzanine_io[10]" is assigned to location or region, but does not exist in design
    Warning (15706): Node "Mezzanine_io[11]" is assigned to location or region, but does not exist in design
    Warning (15706): Node "Mezzanine_io[12]" is assigned to location or region, but does not exist in design
    Warning (15706): Node "Mezzanine_io[13]" is assigned to location or region, but does not exist in design
    Warning (15706): Node "Mezzanine_io[14]" is assigned to location or region, but does not exist in design
    Warning (15706): Node "Mezzanine_io[15]" is assigned to location or region, but does not exist in design
    Warning (15706): Node "Mezzanine_io[16]" is assigned to location or region, but does not exist in design
    Warning (15706): Node "Mezzanine_io[17]" is assigned to location or region, but does not exist in design
    Warning (15706): Node "Mezzanine_io[18]" is assigned to location or region, but does not exist in design
    Warning (15706): Node "Mezzanine_io[19]" is assigned to location or region, but does not exist in design
    Warning (15706): Node "Mezzanine_io[20]" is assigned to location or region, but does not exist in design
    Warning (15706): Node "Mezzanine_io[5]" is assigned to location or region, but does not exist in design
    Warning (15706): Node "Mezzanine_io[6]" is assigned to location or region, but does not exist in design
    Warning (15706): Node "Mezzanine_io[7]" is assigned to location or region, but does not exist in design
    Warning (15706): Node "Mezzanine_io[8]" is assigned to location or region, but does not exist in design
    Warning (15706): Node "Mezzanine_io[9]" is assigned to location or region, but does not exist in design
    Warning (15706): Node "Switch_i[0]" is assigned to location or region, but does not exist in design
    Warning (15706): Node "Switch_i[1]" is assigned to location or region, but does not exist in design
    Warning (15706): Node "Switch_i[2]" is assigned to location or region, but does not exist in design
    Warning (15706): Node "Switch_i[3]" is assigned to location or region, but does not exist in design
    Warning (15706): Node "Switch_i[4]" is assigned to location or region, but does not exist in design
    Warning (15706): Node "Switch_i[5]" is assigned to location or region, but does not exist in design
    Warning (15706): Node "Switch_i[6]" is assigned to location or region, but does not exist in design
    Warning (15706): Node "Switch_i[7]" is assigned to location or region, but does not exist in design
    Warning (15706): Node "nButton_i[1]" is assigned to location or region, but does not exist in design
    Warning (15706): Node "nButton_i[2]" is assigned to location or region, but does not exist in design
    Warning (15706): Node "nButton_i[3]" is assigned to location or region, but does not exist in design
    Warning (15706): Node "nButton_i[4]" is assigned to location or region, but does not exist in design
    Warning (15706): Node "nButton_i[5]" is assigned to location or region, but does not exist in design
    Warning (15706): Node "nButton_i[6]" is assigned to location or region, but does not exist in design
    Warning (15706): Node "nButton_i[7]" is assigned to location or region, but does not exist in design
    Warning (15706): Node "nButton_i[8]" is assigned to location or region, but does not exist in design
    Warning (15706): Node "nLed_o[0]" is assigned to location or region, but does not exist in design
    Warning (15706): Node "nLed_o[1]" is assigned to location or region, but does not exist in design
    Warning (15706): Node "nLed_o[2]" is assigned to location or region, but does not exist in design
    Warning (15706): Node "nLed_o[3]" is assigned to location or region, but does not exist in design
    Warning (15706): Node "nLed_o[4]" is assigned to location or region, but does not exist in design
    Warning (15706): Node "nLed_o[5]" is assigned to location or region, but does not exist in design
    Warning (15706): Node "nLed_o[6]" is assigned to location or region, but does not exist in design
    Warning (15706): Node "nLed_o[7]" is assigned to location or region, but does not exist in design
    Warning (15706): Node "nReset_i" is assigned to location or region, but does not exist in design
    Warning (15706): Node "nSeven_Seg_o[0]" is assigned to location or region, but does not exist in design
    Warning (15706): Node "nSeven_Seg_o[1]" is assigned to location or region, but does not exist in design
    Warning (15706): Node "nSeven_Seg_o[2]" is assigned to location or region, but does not exist in design
    Warning (15706): Node "nSeven_Seg_o[3]" is assigned to location or region, but does not exist in design
    Warning (15706): Node "nSeven_Seg_o[4]" is assigned to location or region, but does not exist in design
    Warning (15706): Node "nSeven_Seg_o[5]" is assigned to location or region, but does not exist in design
    Warning (15706): Node "nSeven_Seg_o[6]" is assigned to location or region, but does not exist in design
    Warning (15706): Node "nSeven_Seg_o[7]" is assigned to location or region, but does not exist in design
Info (171121): Fitter preparation operations ending: elapsed time is 00:00:00
Info (14896): Fitter has disabled Advanced Physical Optimization because it is not supported for the current family.
Info (170189): Fitter placement preparation operations beginning
Info (170190): Fitter placement preparation operations ending: elapsed time is 00:00:00
Info (170191): Fitter placement operations beginning
Info (170137): Fitter placement was successful
Info (170192): Fitter placement operations ending: elapsed time is 00:00:00
Info (170193): Fitter routing operations beginning
Info (170195): Router estimated average interconnect usage is 1% of the available device resources
    Info (170196): Router estimated peak interconnect usage is 1% of the available device resources in the region that extends from location X0_Y0 to location X13_Y8
Info (170199): The Fitter performed an Auto Fit compilation.  Optimizations were skipped to reduce compilation time.
    Info (170201): Optimizations that may affect the design's routability were skipped
    Info (170200): Optimizations that may affect the design's timing were skipped
Info (170194): Fitter routing operations ending: elapsed time is 00:00:00
Info (11888): Total time spent on timing analysis during the Fitter is 0.04 seconds.
Info (11218): Fitter post-fit operations ending: elapsed time is 00:00:00
Warning (171167): Found invalid Fitter assignments. See the Ignored Assignments panel in the Fitter Compilation Report for more information.
Warning (169174): The Reserve All Unused Pins setting has not been specified, and will default to 'As output driving ground'.
Info (144001): Generated suppressed messages file /home/reds/Desktop/CSN/labo3/CSN_labo_alu/alu_nbits/pr/output_files/maxv_top.fit.smsg
Info: Quartus Prime Fitter was successful. 0 errors, 186 warnings
    Info: Peak virtual memory: 1064 megabytes
    Info: Processing ended: Wed Mar 25 09:21:09 2026
    Info: Elapsed time: 00:00:30
    Info: Total CPU time (on all processors): 00:00:01


+----------------------------+
; Fitter Suppressed Messages ;
+----------------------------+
The suppressed messages can be found in /home/reds/Desktop/CSN/labo3/CSN_labo_alu/alu_nbits/pr/output_files/maxv_top.fit.smsg.


